Title,Link
Mint Chip Ice Cream Pie,https://i.redd.it/jkath3bc6j201.jpg
Family Recipe Banana Bread,https://i.redd.it/6wiq1pwiag201.jpg
Coffee Coffee Coffee Cake,https://i.redd.it/pul0prbsel201.jpg
[Request] Please share some of your best simple recipes.,https://www.reddit.com/r/recipes/comments/7i81ez/request_please_share_some_of_your_best_simple/
Red Wine Elk Stew,https://i.redd.it/ad6ysrpf7d201.jpg
[Suggestions] I need help finding a lasagna recipe made with white sauce,https://www.reddit.com/r/recipes/comments/7i6oar/suggestions_i_need_help_finding_a_lasagna_recipe/
How to make Beef Reshmi Kabab Recipe - Asan Khana Pakana,https://www.reddit.com/r/recipes/comments/7i7yoz/how_to_make_beef_reshmi_kabab_recipe_asan_khana/
[Suggestions] Recipes using pistachios in interesting ways?,https://www.reddit.com/r/recipes/comments/7i755p/suggestions_recipes_using_pistachios_in/
Simple Scallion-Ginger Noodles with Skirt Steak.,https://i.imgur.com/3HZg7zK.jpg
[Request] Please help me cook an amazing christmas meal in a crappy kitchen!,https://www.reddit.com/r/recipes/comments/7i51vn/request_please_help_me_cook_an_amazing_christmas/
